"defendername";"defendertype1";"defendertype2";"defenderfastmove";"defenderfastmovetype";"defenderspecialmove";"defenderspecialmovetype";"average"
Magneton;Electric;Steel;Spark;Electric;Discharge;Electric;1,1022429033
Magneton;Electric;Steel;Thunder Shock;Electric;Discharge;Electric;1,1022429033
Seaking;Water;;Peck;Flying;Drill Run;Ground;1,1069030793
Golduck;Water;;Confusion;Psychic;Psychic;Psychic;1,1126818168
Magneton;Electric;Steel;Spark;Electric;Flash Cannon;Steel;1,1161381143
Magneton;Electric;Steel;Spark;Electric;Magnet Bomb;Steel;1,1161381143
Magneton;Electric;Steel;Thunder Shock;Electric;Flash Cannon;Steel;1,1161381143
Magneton;Electric;Steel;Thunder Shock;Electric;Magnet Bomb;Steel;1,1161381143
Slowbro;Water;Psychic;Confusion;Psychic;Psychic;Psychic;1,1194971595
Golduck;Water;;Confusion;Psychic;Ice Beam;Ice;1,1195200584
Gengar;Ghost;Poison;Sucker Punch;Dark;Dark Pulse;Dark;1,1206647744
Golduck;Water;;Confusion;Psychic;Hydro Pump;Water;1,1260970658
Golduck;Water;;Water Gun;Water;Psychic;Psychic;1,1260970658
Slowbro;Water;Psychic;Confusion;Psychic;Ice Beam;Ice;1,126865232
Gengar;Ghost;Poison;Shadow Claw;Ghost;Dark Pulse;Dark;1,1292894553
Gengar;Ghost;Poison;Sucker Punch;Dark;Shadow Ball;Ghost;1,1292894553
Seaking;Water;;Peck;Flying;Icy Wind;Ice;1,1295787744
Clefable;Fairy;;Zen Headbutt;Psychic;Psychic;Psychic;1,1296392036
Starmie;Water;Psychic;Water Gun;Water;Power Gem;Rock;1,1300787229
Sandslash;Ground;;Mud Shot;Ground;Rock Tomb;Rock;1,1313769425
Dugtrio;Ground;;Mud Shot;Ground;Stone Edge;Rock;1,1313769425
Gyarados;Water;Flying;Bite;Dark;Hydro Pump;Water;1,1314606325
Gyarados;Water;Flying;Bite;Dark;Dragon Pulse;Dragon;1,1328685351
Gyarados;Water;Flying;Bite;Dark;Twister;Dragon;1,1328685351
Blastoise;Water;;Bite;Dark;Ice Beam;Ice;1,1334932475
Poliwrath;Water;Fighting;Mud Shot;Ground;Ice Punch;Ice;1,133672722
Starmie;Water;Psychic;Water Gun;Water;Psybeam;Psychic;1,1343666157
Slowbro;Water;Psychic;Water Gun;Water;Psychic;Psychic;1,1343666157
Slowbro;Water;Psychic;Confusion;Psychic;Water Pulse;Water;1,1343666157
Fearow;Normal;Flying;Peck;Flying;Drill Run;Ground;1,1351219311
Kingler;Water;;Mud Shot;Ground;Vice Grip;Normal;1,1365296566
Alakazam;Psychic;;Confusion;Psychic;Psychic;Psychic;1,1366874997
Hypno;Psychic;;Confusion;Psychic;Psyshock;Psychic;1,1366874997
Mr, Mime;Psychic;;Zen Headbutt;Psychic;Psychic;Psychic;1,1366874997
Mr, Mime;Psychic;;Confusion;Psychic;Psychic;Psychic;1,1366874997
Hypno;Psychic;;Zen Headbutt;Psychic;Psyshock;Psychic;1,1366874997
Mr, Mime;Psychic;;Zen Headbutt;Psychic;Psybeam;Psychic;1,1366874997
Mr, Mime;Psychic;;Confusion;Psychic;Psybeam;Psychic;1,1366874997
Hypno;Psychic;;Confusion;Psychic;Psychic;Psychic;1,1366874997
Hypno;Psychic;;Zen Headbutt;Psychic;Psychic;Psychic;1,1366874997
Alakazam;Psychic;;Psycho Cut;Psychic;Psychic;Psychic;1,1366874997
Kingler;Water;;Mud Shot;Ground;Water Pulse;Water;1,1369528452
Gyarados;Water;Flying;Dragon Breath;Dragon;Hydro Pump;Water;1,1387356655
Seadra;Water;;Dragon Breath;Dragon;Blizzard;Ice;1,1403796726
Gyarados;Water;Flying;Dragon Breath;Dragon;Twister;Dragon;1,1406761381
Gyarados;Water;Flying;Dragon Breath;Dragon;Dragon Pulse;Dragon;1,1406761381
Kabutops;Rock;Water;Mud Shot;Ground;Stone Edge;Rock;1,1423579941
Kabutops;Rock;Water;Mud Shot;Ground;Ancient Power;Rock;1,1423579941
Blastoise;Water;;Bite;Dark;Hydro Pump;Water;1,1426096334
Tauros;Normal;;Zen Headbutt;Psychic;Earthquake;Ground;1,1434294535
Snorlax;Normal;;Zen Headbutt;Psychic;Earthquake;Ground;1,1434294535
Arcanine;Fire;;Bite;Dark;Bulldoze;Ground;1,1435359672
Starmie;Water;Psychic;Quick Attack;Normal;Psybeam;Psychic;1,1446246043
Nidoqueen;Poison;Ground;Bite;Dark;Stone Edge;Rock;1,1447837908
Golbat;Poison;Flying;Bite;Dark;Air Cutter;Flying;1,1447941576
Starmie;Water;Psychic;Quick Attack;Normal;Power Gem;Rock;1,1452405167
Gengar;Ghost;Poison;Shadow Claw;Ghost;Shadow Ball;Ghost;1,1453011385
Electrode;Electric;;Spark;Electric;Thunderbolt;Electric;1,1458473013
Raichu;Electric;;Spark;Electric;Thunder Punch;Electric;1,1458473013
Electabuzz;Electric;;Thunder Shock;Electric;Thunder;Electric;1,1458473013
Raichu;Electric;;Thunder Shock;Electric;Thunder Punch;Electric;1,1458473013
Raichu;Electric;;Spark;Electric;Thunder;Electric;1,1458473013
Jolteon;Electric;;Thunder Shock;Electric;Thunder;Electric;1,1458473013
Jolteon;Electric;;Thunder Shock;Electric;Thunderbolt;Electric;1,1458473013
Electrode;Electric;;Spark;Electric;Discharge;Electric;1,1458473013
Electabuzz;Electric;;Thunder Shock;Electric;Thunder Punch;Electric;1,1458473013
Raichu;Electric;;Thunder Shock;Electric;Thunder;Electric;1,1458473013
Electabuzz;Electric;;Thunder Shock;Electric;Thunderbolt;Electric;1,1458473013
Jolteon;Electric;;Thunder Shock;Electric;Discharge;Electric;1,1458473013
Golduck;Water;;Water Gun;Water;Ice Beam;Ice;1,1458974796
Blastoise;Water;;Water Gun;Water;Ice Beam;Ice;1,1458974796
Seadra;Water;;Water Gun;Water;Blizzard;Ice;1,1458974796
Venomoth;Bug;Poison;Confusion;Psychic;Psychic;Psychic;1,1459396358
Chansey;Normal;;Zen Headbutt;Psychic;Psychic;Psychic;1,1470170437
Chansey;Normal;;Zen Headbutt;Psychic;Psybeam;Psychic;1,1470170437
Arbok;Poison;;Bite;Dark;Dark Pulse;Dark;1,1478409075
Seadra;Water;;Water Gun;Water;Dragon Pulse;Dragon;1,1485014021
Seadra;Water;;Dragon Breath;Dragon;Hydro Pump;Water;1,1485014021
Seadra;Water;;Dragon Breath;Dragon;Dragon Pulse;Dragon;1,1493693181
Dugtrio;Ground;;Sucker Punch;Dark;Stone Edge;Rock;1,1494258248
Dragonite;Dragon;Flying;Dragon Breath;Dragon;Dragon Claw;Dragon;1,1496697453
Dragonite;Dragon;Flying;Dragon Breath;Dragon;Dragon Pulse;Dragon;1,1496697453
Aerodactyl;Rock;Flying;Bite;Dark;Ancient Power;Rock;1,15171616
Clefable;Fairy;;Pound;Normal;Psychic;Psychic;1,1527086714
Nidoqueen;Poison;Ground;Bite;Dark;Earthquake;Ground;1,1527518787
Seaking;Water;;Poison Jab;Poison;Drill Run;Ground;1,1530684459
Mr, Mime;Psychic;;Zen Headbutt;Psychic;Shadow Ball;Ghost;1,15325777
Alakazam;Psychic;;Confusion;Psychic;Shadow Ball;Ghost;1,15325777
Hypno;Psychic;;Confusion;Psychic;Shadow Ball;Ghost;1,15325777
Mr, Mime;Psychic;;Confusion;Psychic;Shadow Ball;Ghost;1,15325777
Hypno;Psychic;;Zen Headbutt;Psychic;Shadow Ball;Ghost;1,15325777
Alakazam;Psychic;;Psycho Cut;Psychic;Shadow Ball;Ghost;1,15325777
Electrode;Electric;;Tackle;Normal;Discharge;Electric;1,1538490683
Electrode;Electric;;Tackle;Normal;Thunderbolt;Electric;1,1538490683
Electrode;Electric;;Spark;Electric;Hyper Beam;Normal;1,1538490683
Slowbro;Water;Psychic;Water Gun;Water;Ice Beam;Ice;1,1544709502
Golbat;Poison;Flying;Bite;Dark;Ominous Wind;Ghost;1,1564779007
Gengar;Ghost;Poison;Sucker Punch;Dark;Sludge Wave;Poison;1,1566732959
Persian;Normal;;Feint Attack;Dark;Power Gem;Rock;1,1571168004
Golbat;Poison;Flying;Wing Attack;Flying;Ominous Wind;Ghost;1,1576309663
Charizard;Fire;Flying;Wing Attack;Flying;Dragon Claw;Dragon;1,1577192424
Poliwrath;Water;Fighting;Mud Shot;Ground;Hydro Pump;Water;1,1579455573
Dragonite;Dragon;Flying;Dragon Breath;Dragon;Hyper Beam;Normal;1,1592183532
Dodrio;Normal;Flying;Feint Attack;Dark;Air Cutter;Flying;1,159313718
Dodrio;Normal;Flying;Feint Attack;Dark;Drill Peck;Flying;1,159313718
Dodrio;Normal;Flying;Feint Attack;Dark;Aerial Ace;Flying;1,159313718
Dugtrio;Ground;;Sucker Punch;Dark;Earthquake;Ground;1,1596920013
Dugtrio;Ground;;Sucker Punch;Dark;Mud Bomb;Ground;1,1596920013
Raticate;Normal;;Bite;Dark;Dig;Ground;1,1598009864
Butterfree;Bug;Flying;Confusion;Psychic;Psychic;Psychic;1,1598450321
Weezing;Poison;;Tackle;Normal;Dark Pulse;Dark;1,1602656481
Clefable;Fairy;;Zen Headbutt;Psychic;Moonblast;Fairy;1,1617215152
Clefable;Fairy;;Zen Headbutt;Psychic;Dazzling Gleam;Fairy;1,1617215152
Tentacruel;Water;Poison;Poison Jab;Poison;Blizzard;Ice;1,1618276639
Tentacruel;Water;Poison;Acid;Poison;Blizzard;Ice;1,1618276639
Blastoise;Water;;Bite;Dark;Flash Cannon;Steel;1,1622375059
Tentacruel;Water;Poison;Poison Jab;Poison;Hydro Pump;Water;1,1623377827
Tentacruel;Water;Poison;Acid;Poison;Hydro Pump;Water;1,1623377827
Golbat;Poison;Flying;Wing Attack;Flying;Air Cutter;Flying;1,1629740101
Arcanine;Fire;;Fire Fang;Fire;Bulldoze;Ground;1,1637279188
Rapidash;Fire;;Ember;Fire;Drill Run;Ground;1,1637279188
Kangaskhan;Normal;;Mud Slap;Ground;Earthquake;Ground;1,1641193166
Kingler;Water;;Mud Shot;Ground;X-Scissor;Bug;1,1654384574
Raichu;Electric;;Spark;Electric;Brick Break;Fighting;1,1654950009
Raichu;Electric;;Thunder Shock;Electric;Brick Break;Fighting;1,1654950009
Electabuzz;Electric;;Low Kick;Fighting;Thunder;Electric;1,1654950009
Electabuzz;Electric;;Low Kick;Fighting;Thunderbolt;Electric;1,1654950009
Electabuzz;Electric;;Low Kick;Fighting;Thunder Punch;Electric;1,1654950009
Omastar;Rock;Water;Water Gun;Water;Ancient Power;Rock;1,1661683149
Omastar;Rock;Water;Rock Throw;Rock;Hydro Pump;Water;1,1661683149
Omastar;Rock;Water;Water Gun;Water;Rock Slide;Rock;1,1661683149
Seadra;Water;;Water Gun;Water;Hydro Pump;Water;1,1662066767
Vaporeon;Water;;Water Gun;Water;Water Pulse;Water;1,1662066767
Vaporeon;Water;;Water Gun;Water;Hydro Pump;Water;1,1662066767
Vaporeon;Water;;Water Gun;Water;Aqua Tail;Water;1,1662066767
Blastoise;Water;;Water Gun;Water;Hydro Pump;Water;1,1662066767
Golduck;Water;;Water Gun;Water;Hydro Pump;Water;1,1662066767
Poliwrath;Water;Fighting;Bubble;Water;Ice Punch;Ice;1,1662669713
Omastar;Rock;Water;Rock Throw;Rock;Ancient Power;Rock;1,1666818229
Omastar;Rock;Water;Rock Throw;Rock;Rock Slide;Rock;1,1666818229
Starmie;Water;Psychic;Quick Attack;Normal;Hydro Pump;Water;1,1671325257
Dragonite;Dragon;Flying;Steel Wing;Steel;Dragon Claw;Dragon;1,167146565
Dragonite;Dragon;Flying;Steel Wing;Steel;Dragon Pulse;Dragon;1,167146565
Fearow;Normal;Flying;Peck;Flying;Twister;Dragon;1,1677531791
Gengar;Ghost;Poison;Shadow Claw;Ghost;Sludge Wave;Poison;1,1679734013
Seaking;Water;;Poison Jab;Poison;Icy Wind;Ice;1,1693021396
Sandslash;Ground;;Mud Shot;Ground;Bulldoze;Ground;1,1694066067
Sandslash;Ground;;Mud Shot;Ground;Earthquake;Ground;1,1694066067
Marowak;Ground;;Mud Slap;Ground;Dig;Ground;1,1694066067
Dugtrio;Ground;;Mud Shot;Ground;Earthquake;Ground;1,1694066067
Dugtrio;Ground;;Mud Shot;Ground;Mud Bomb;Ground;1,1694066067
Marowak;Ground;;Mud Slap;Ground;Bone Club;Ground;1,1694066067
Marowak;Ground;;Mud Slap;Ground;Earthquake;Ground;1,1694066067
Snorlax;Normal;;Lick;Ghost;Earthquake;Ground;1,1694190449
Alakazam;Psychic;;Psycho Cut;Psychic;Dazzling Gleam;Fairy;1,169597079
Alakazam;Psychic;;Confusion;Psychic;Dazzling Gleam;Fairy;1,169597079
Snorlax;Normal;;Zen Headbutt;Psychic;Hyper Beam;Normal;1,169817685
Chansey;Normal;;Pound;Normal;Psychic;Psychic;1,169817685
Porygon;Normal;;Quick Attack;Normal;Psybeam;Psychic;1,169817685
Tauros;Normal;;Zen Headbutt;Psychic;Horn Attack;Normal;1,169817685
Chansey;Normal;;Pound;Normal;Psybeam;Psychic;1,169817685
Snorlax;Normal;;Zen Headbutt;Psychic;Body Slam;Normal;1,169817685
Lickitung;Normal;;Zen Headbutt;Psychic;Stomp;Normal;1,169817685
Lickitung;Normal;;Zen Headbutt;Psychic;Hyper Beam;Normal;1,169817685
Porygon;Normal;;Tackle;Normal;Psybeam;Psychic;1,169817685
Persian;Normal;;Scratch;Normal;Power Gem;Rock;1,1700969691
Kangaskhan;Normal;;Mud Slap;Ground;Stomp;Normal;1,1712790347
Raticate;Normal;;Quick Attack;Normal;Dig;Ground;1,1712790347
Tauros;Normal;;Tackle;Normal;Earthquake;Ground;1,1712790347
Pidgeot;Normal;Flying;Wing Attack;Flying;Hurricane;Flying;1,1713174737
Pidgeot;Normal;Flying;Wing Attack;Flying;Air Cutter;Flying;1,1713174737
Fearow;Normal;Flying;Peck;Flying;Aerial Ace;Flying;1,1713174737
Pidgeot;Normal;Flying;Wing Attack;Flying;Aerial Ace;Flying;1,1713174737
Weezing;Poison;;Tackle;Normal;Shadow Ball;Ghost;1,1713956914
Fearow;Normal;Flying;Steel Wing;Steel;Drill Run;Ground;1,1718470997
Sandslash;Ground;;Metal Claw;Steel;Rock Tomb;Rock;1,1729928905
Seaking;Water;;Peck;Flying;Megahorn;Bug;1,1733210875
Lickitung;Normal;;Zen Headbutt;Psychic;Power Whip;Grass;1,173998391
Kingler;Water;;Metal Claw;Steel;Water Pulse;Water;1,1742815802
Blastoise;Water;;Water Gun;Water;Flash Cannon;Steel;1,1742815802
Rapidash;Fire;;Low Kick;Fighting;Drill Run;Ground;1,1753422474
Chansey;Normal;;Zen Headbutt;Psychic;Dazzling Gleam;Fairy;1,175818087
Slowbro;Water;Psychic;Water Gun;Water;Water Pulse;Water;1,1759038364
Starmie;Water;Psychic;Water Gun;Water;Hydro Pump;Water;1,1759038364
Aerodactyl;Rock;Flying;Steel Wing;Steel;Ancient Power;Rock;1,1762668345
Machamp;Fighting;;Karate Chop;Fighting;Stone Edge;Rock;1,1764261276
Hitmonlee;Fighting;;Low Kick;Fighting;Stone Edge;Rock;1,1764261276
Hitmonlee;Fighting;;Rock Smash;Fighting;Stone Edge;Rock;1,1764261276
Dragonite;Dragon;Flying;Steel Wing;Steel;Hyper Beam;Normal;1,1772724421
Kabutops;Rock;Water;Mud Shot;Ground;Water Pulse;Water;1,1776129299
Machamp;Fighting;;Bullet Punch;Steel;Stone Edge;Rock;1,1776304798
Porygon;Normal;;Quick Attack;Normal;Discharge;Electric;1,1781256153
Porygon;Normal;;Tackle;Normal;Discharge;Electric;1,1781256153
Kingler;Water;;Metal Claw;Steel;Vice Grip;Normal;1,1782746281
Exeggutor;Grass;Psychic;Zen Headbutt;Psychic;Psychic;Psychic;1,1790610802
Exeggutor;Grass;Psychic;Confusion;Psychic;Psychic;Psychic;1,1790610802
Venomoth;Bug;Poison;Confusion;Psychic;Poison Fang;Poison;1,1798390655
Persian;Normal;;Feint Attack;Dark;Night Slash;Dark;1,1802024144
Venomoth;Bug;Poison;Bug Bite;Bug;Psychic;Psychic;1,180910624
Venomoth;Bug;Poison;Confusion;Psychic;Bug Buzz;Bug;1,180910624
Electrode;Electric;;Tackle;Normal;Hyper Beam;Normal;1,1812571031
Poliwrath;Water;Fighting;Mud Shot;Ground;Submission;Fighting;1,1813397869
Aerodactyl;Rock;Flying;Bite;Dark;Hyper Beam;Normal;1,1815519531
Farfetch'd;Normal;Flying;Cut;Normal;Aerial Ace;Flying;1,1816519344
Farfetch'd;Normal;Flying;Cut;Normal;Air Cutter;Flying;1,1816519344
Tauros;Normal;;Zen Headbutt;Psychic;Iron Head;Steel;1,1821692846
Arbok;Poison;;Acid;Poison;Dark Pulse;Dark;1,1825168103
Muk;Poison;;Acid;Poison;Dark Pulse;Dark;1,1825168103
Arbok;Poison;;Bite;Dark;Sludge Wave;Poison;1,1825168103
Arbok;Poison;;Bite;Dark;Gunk Shot;Poison;1,1825168103
Weezing;Poison;;Acid;Poison;Dark Pulse;Dark;1,1825168103
Muk;Poison;;Poison Jab;Poison;Dark Pulse;Dark;1,1825168103
Charizard;Fire;Flying;Ember;Fire;Dragon Claw;Dragon;1,1827915377
Golbat;Poison;Flying;Bite;Dark;Poison Fang;Poison;1,1833550578
Wigglytuff;Normal;Fairy;Feint Attack;Dark;Hyper Beam;Normal;1,1838739914
Nidoking;Poison;Ground;Poison Jab;Poison;Earthquake;Ground;1,1841713703
Nidoqueen;Poison;Ground;Poison Jab;Poison;Earthquake;Ground;1,1841713703
Sandslash;Ground;;Metal Claw;Steel;Earthquake;Ground;1,1848040273
Sandslash;Ground;;Metal Claw;Steel;Bulldoze;Ground;1,1848040273
Hitmonchan;Fighting;;Bullet Punch;Steel;Thunder Punch;Electric;1,1855084706
Lapras;Water;Ice;Ice Shard;Ice;Dragon Pulse;Dragon;1,1864606473
Lapras;Water;Ice;Frost Breath;Ice;Dragon Pulse;Dragon;1,1864606473
Arcanine;Fire;;Bite;Dark;Flamethrower;Fire;1,1867929436
Arcanine;Fire;;Bite;Dark;Fire Blast;Fire;1,1867929436
Ninetales;Fire;;Feint Attack;Dark;Heat Wave;Fire;1,1867929436
Ninetales;Fire;;Feint Attack;Dark;Flamethrower;Fire;1,1867929436
Ninetales;Fire;;Feint Attack;Dark;Fire Blast;Fire;1,1867929436
Charizard;Fire;Flying;Wing Attack;Flying;Flamethrower;Fire;1,1868264189
Charizard;Fire;Flying;Wing Attack;Flying;Fire Blast;Fire;1,1868264189
Nidoqueen;Poison;Ground;Poison Jab;Poison;Stone Edge;Rock;1,1871868843
Dewgong;Water;Ice;Frost Breath;Ice;Aqua Jet;Water;1,1875727403
Cloyster;Water;Ice;Frost Breath;Ice;Hydro Pump;Water;1,1875727403
Dewgong;Water;Ice;Ice Shard;Ice;Aqua Jet;Water;1,1875727403
Cloyster;Water;Ice;Ice Shard;Ice;Hydro Pump;Water;1,1875727403
Raticate;Normal;;Bite;Dark;Hyper Fang;Normal;1,1879521541
Raticate;Normal;;Bite;Dark;Hyper Beam;Normal;1,1879521541
Persian;Normal;;Scratch;Normal;Night Slash;Dark;1,1879521541
Poliwrath;Water;Fighting;Bubble;Water;Hydro Pump;Water;1,1881498577
Hitmonchan;Fighting;;Rock Smash;Fighting;Thunder Punch;Electric;1,1910533443
Golem;Rock;Ground;Mud Shot;Ground;Stone Edge;Rock;1,1916555055
Golem;Rock;Ground;Mud Shot;Ground;Ancient Power;Rock;1,1916555055
Golem;Rock;Ground;Rock Throw;Rock;Earthquake;Ground;1,1916555055
Rhydon;Ground;Rock;Mud Slap;Ground;Stone Edge;Rock;1,1916555055
Dodrio;Normal;Flying;Steel Wing;Steel;Air Cutter;Flying;1,1922797867
Dodrio;Normal;Flying;Steel Wing;Steel;Drill Peck;Flying;1,1922797867
Pidgeot;Normal;Flying;Steel Wing;Steel;Hurricane;Flying;1,1922797867
Dodrio;Normal;Flying;Steel Wing;Steel;Aerial Ace;Flying;1,1922797867
Pidgeot;Normal;Flying;Steel Wing;Steel;Air Cutter;Flying;1,1922797867
Pidgeot;Normal;Flying;Steel Wing;Steel;Aerial Ace;Flying;1,1922797867
Fearow;Normal;Flying;Steel Wing;Steel;Aerial Ace;Flying;1,1922797867
Aerodactyl;Rock;Flying;Bite;Dark;Iron Head;Steel;1,1923216821
Wigglytuff;Normal;Fairy;Feint Attack;Dark;Dazzling Gleam;Fairy;1,1932722773
Wigglytuff;Normal;Fairy;Feint Attack;Dark;Play Rough;Fairy;1,1932722773
Nidoking;Poison;Ground;Fury Cutter;Bug;Earthquake;Ground;1,1939091252
Weezing;Poison;;Acid;Poison;Shadow Ball;Ghost;1,194014093
Persian;Normal;;Feint Attack;Dark;Play Rough;Fairy;1,1942387227
Kangaskhan;Normal;;Low Kick;Fighting;Earthquake;Ground;1,194804513
Kangaskhan;Normal;;Mud Slap;Ground;Brick Break;Fighting;1,194804513
Golbat;Poison;Flying;Wing Attack;Flying;Poison Fang;Poison;1,1948244066
Marowak;Ground;;Rock Smash;Fighting;Dig;Ground;1,1954611532
Marowak;Ground;;Rock Smash;Fighting;Bone Club;Ground;1,1954611532
Marowak;Ground;;Rock Smash;Fighting;Earthquake;Ground;1,1954611532
Jynx;Ice;Psychic;Frost Breath;Ice;Psyshock;Psychic;1,195540625
Lickitung;Normal;;Lick;Ghost;Stomp;Normal;1,1958419905
Snorlax;Normal;;Lick;Ghost;Hyper Beam;Normal;1,1958419905
Snorlax;Normal;;Lick;Ghost;Body Slam;Normal;1,1958419905
Lickitung;Normal;;Lick;Ghost;Hyper Beam;Normal;1,1958419905
Lapras;Water;Ice;Ice Shard;Ice;Ice Beam;Ice;1,1969495734
Dewgong;Water;Ice;Ice Shard;Ice;Icy Wind;Ice;1,1969495734
Cloyster;Water;Ice;Ice Shard;Ice;Blizzard;Ice;1,1969495734
Cloyster;Water;Ice;Ice Shard;Ice;Icy Wind;Ice;1,1969495734
Lapras;Water;Ice;Ice Shard;Ice;Blizzard;Ice;1,1969495734
Dewgong;Water;Ice;Frost Breath;Ice;Blizzard;Ice;1,1969495734
Dewgong;Water;Ice;Frost Breath;Ice;Icy Wind;Ice;1,1969495734
Dewgong;Water;Ice;Ice Shard;Ice;Blizzard;Ice;1,1969495734
Lapras;Water;Ice;Frost Breath;Ice;Ice Beam;Ice;1,1969495734
Cloyster;Water;Ice;Frost Breath;Ice;Icy Wind;Ice;1,1969495734
Cloyster;Water;Ice;Frost Breath;Ice;Blizzard;Ice;1,1969495734
Lapras;Water;Ice;Frost Breath;Ice;Blizzard;Ice;1,1969495734
Beedrill;Bug;Poison;Bug Bite;Bug;Aerial Ace;Flying;1,1970916942
Beedrill;Bug;Poison;Poison Jab;Poison;Aerial Ace;Flying;1,1974813887
Nidoqueen;Poison;Ground;Bite;Dark;Sludge Wave;Poison;1,1977768693
Farfetch'd;Normal;Flying;Cut;Normal;Leaf Blade;Grass;1,1979020829
Primeape;Fighting;;Karate Chop;Fighting;Night Slash;Dark;1,1987180015
Primeape;Fighting;;Low Kick;Fighting;Night Slash;Dark;1,1987180015
Fearow;Normal;Flying;Steel Wing;Steel;Twister;Dragon;1,1987728176
Hitmonchan;Fighting;;Rock Smash;Fighting;Ice Punch;Ice;1,1988303473
Clefable;Fairy;;Pound;Normal;Dazzling Gleam;Fairy;1,199348947
Clefable;Fairy;;Pound;Normal;Moonblast;Fairy;1,199348947
Poliwrath;Water;Fighting;Bubble;Water;Submission;Fighting;1,2008309684
Kabutops;Rock;Water;Fury Cutter;Bug;Ancient Power;Rock;1,2012787948
Kabutops;Rock;Water;Fury Cutter;Bug;Stone Edge;Rock;1,2012787948
Butterfree;Bug;Flying;Confusion;Psychic;Signal Beam;Bug;1,2030677301
Butterfree;Bug;Flying;Bug Bite;Bug;Psychic;Psychic;1,2030677301
Butterfree;Bug;Flying;Confusion;Psychic;Bug Buzz;Bug;1,2030677301
Wigglytuff;Normal;Fairy;Pound;Normal;Hyper Beam;Normal;1,2034730107
Scyther;Bug;Flying;Steel Wing;Steel;Night Slash;Dark;1,2036708159
Pinsir;Bug;;Rock Smash;Fighting;Vice Grip;Normal;1,2056059405
Tauros;Normal;;Tackle;Normal;Horn Attack;Normal;1,2063068181
Raticate;Normal;;Quick Attack;Normal;Hyper Beam;Normal;1,2063068181
Raticate;Normal;;Quick Attack;Normal;Hyper Fang;Normal;1,2063068181
Farfetch'd;Normal;Flying;Fury Cutter;Bug;Air Cutter;Flying;1,2072707408
Farfetch'd;Normal;Flying;Fury Cutter;Bug;Aerial Ace;Flying;1,2072707408
Rapidash;Fire;;Low Kick;Fighting;Heat Wave;Fire;1,2073696751
Magmar;Fire;;Karate Chop;Fighting;Fire Punch;Fire;1,2073696751
Magmar;Fire;;Karate Chop;Fighting;Flamethrower;Fire;1,2073696751
Magmar;Fire;;Karate Chop;Fighting;Fire Blast;Fire;1,2073696751
Rapidash;Fire;;Low Kick;Fighting;Fire Blast;Fire;1,2073696751
Lickitung;Normal;;Lick;Ghost;Power Whip;Grass;1,2081008999
Weezing;Poison;;Tackle;Normal;Sludge Bomb;Poison;1,2081815674
Omastar;Rock;Water;Water Gun;Water;Hydro Pump;Water;1,2081822463
Golem;Rock;Ground;Rock Throw;Rock;Stone Edge;Rock;1,2082430781
Onix;Rock;Ground;Rock Throw;Rock;Rock Slide;Rock;1,2082430781
Golem;Rock;Ground;Rock Throw;Rock;Ancient Power;Rock;1,2082430781
Onix;Rock;Ground;Rock Throw;Rock;Stone Edge;Rock;1,2082430781
Hitmonchan;Fighting;;Bullet Punch;Steel;Ice Punch;Ice;1,2101371993
Aerodactyl;Rock;Flying;Steel Wing;Steel;Hyper Beam;Normal;1,2102057904
Jynx;Ice;Psychic;Pound;Normal;Psyshock;Psychic;1,2106283965
Kingler;Water;;Metal Claw;Steel;X-Scissor;Bug;1,2109524281
Persian;Normal;;Scratch;Normal;Play Rough;Fairy;1,2122569304
Chansey;Normal;;Pound;Normal;Dazzling Gleam;Fairy;1,2122569304
Wigglytuff;Normal;Fairy;Pound;Normal;Play Rough;Fairy;1,2123098081
Wigglytuff;Normal;Fairy;Pound;Normal;Dazzling Gleam;Fairy;1,2123098081
Tauros;Normal;;Tackle;Normal;Iron Head;Steel;1,2140024769
Kangaskhan;Normal;;Low Kick;Fighting;Stomp;Normal;1,2155578965
Hitmonlee;Fighting;;Rock Smash;Fighting;Stomp;Normal;1,2164706463
Hitmonlee;Fighting;;Low Kick;Fighting;Stomp;Normal;1,2164706463
Hitmonchan;Fighting;;Rock Smash;Fighting;Fire Punch;Fire;1,2180913482
Kabutops;Rock;Water;Fury Cutter;Bug;Water Pulse;Water;1,2210876126
Exeggutor;Grass;Psychic;Confusion;Psychic;Seed Bomb;Grass;1,2216734417
Exeggutor;Grass;Psychic;Zen Headbutt;Psychic;Seed Bomb;Grass;1,2216734417
Exeggutor;Grass;Psychic;Zen Headbutt;Psychic;Solar Beam;Grass;1,2216734417
Exeggutor;Grass;Psychic;Confusion;Psychic;Solar Beam;Grass;1,2216734417
Onix;Rock;Ground;Tackle;Normal;Stone Edge;Rock;1,2240382121
Onix;Rock;Ground;Tackle;Normal;Rock Slide;Rock;1,2240382121
Hitmonchan;Fighting;;Bullet Punch;Steel;Fire Punch;Fire;1,2246239053
Tentacruel;Water;Poison;Acid;Poison;Sludge Wave;Poison;1,2246297953
Tentacruel;Water;Poison;Poison Jab;Poison;Sludge Wave;Poison;1,2246297953
Charizard;Fire;Flying;Ember;Fire;Fire Blast;Fire;1,2260557107
Charizard;Fire;Flying;Ember;Fire;Flamethrower;Fire;1,2260557107
Rhydon;Ground;Rock;Mud Slap;Ground;Earthquake;Ground;1,2265821233
Golem;Rock;Ground;Mud Shot;Ground;Earthquake;Ground;1,2265821233
Scyther;Bug;Flying;Fury Cutter;Bug;Night Slash;Dark;1,2284989209
Seaking;Water;;Poison Jab;Poison;Megahorn;Bug;1,2286504405
Rhydon;Ground;Rock;Rock Smash;Fighting;Stone Edge;Rock;1,2293924955
Pinsir;Bug;;Fury Cutter;Bug;Vice Grip;Normal;1,2296694173
Jynx;Ice;Psychic;Pound;Normal;Ice Punch;Ice;1,2300466103
Hitmonchan;Fighting;;Bullet Punch;Steel;Brick Break;Fighting;1,2327311815
Machamp;Fighting;;Bullet Punch;Steel;Cross Chop;Fighting;1,2327311815
Machamp;Fighting;;Bullet Punch;Steel;Submission;Fighting;1,2327311815
Rapidash;Fire;;Ember;Fire;Fire Blast;Fire;1,2331942488
Flareon;Fire;;Ember;Fire;Heat Wave;Fire;1,2331942488
Arcanine;Fire;;Fire Fang;Fire;Fire Blast;Fire;1,2331942488
Arcanine;Fire;;Fire Fang;Fire;Flamethrower;Fire;1,2331942488
Rapidash;Fire;;Ember;Fire;Heat Wave;Fire;1,2331942488
Ninetales;Fire;;Ember;Fire;Heat Wave;Fire;1,2331942488
Magmar;Fire;;Ember;Fire;Fire Punch;Fire;1,2331942488
Flareon;Fire;;Ember;Fire;Fire Blast;Fire;1,2331942488
Flareon;Fire;;Ember;Fire;Flamethrower;Fire;1,2331942488
Magmar;Fire;;Ember;Fire;Flamethrower;Fire;1,2331942488
Ninetales;Fire;;Ember;Fire;Flamethrower;Fire;1,2331942488
Magmar;Fire;;Ember;Fire;Fire Blast;Fire;1,2331942488
Ninetales;Fire;;Ember;Fire;Fire Blast;Fire;1,2331942488
Onix;Rock;Ground;Rock Throw;Rock;Iron Head;Steel;1,2339410897
Jynx;Ice;Psychic;Frost Breath;Ice;Ice Punch;Ice;1,2356029829
Aerodactyl;Rock;Flying;Steel Wing;Steel;Iron Head;Steel;1,2358991481
Porygon;Normal;;Tackle;Normal;Signal Beam;Bug;1,2367260895
Porygon;Normal;;Quick Attack;Normal;Signal Beam;Bug;1,2367260895
Victreebel;Grass;Poison;Acid;Poison;Solar Beam;Grass;1,2390201265
Vileplume;Grass;Poison;Acid;Poison;Solar Beam;Grass;1,2390201265
Venusaur;Grass;Poison;Razor Leaf;Grass;Sludge Bomb;Poison;1,2390201265
Vileplume;Grass;Poison;Acid;Poison;Petal Blizzard;Grass;1,2390201265
Victreebel;Grass;Poison;Razor Leaf;Grass;Sludge Bomb;Poison;1,2390201265
Venusaur;Grass;Poison;Vine Whip;Grass;Sludge Bomb;Poison;1,2390201265
Victreebel;Grass;Poison;Acid;Poison;Leaf Blade;Grass;1,2390201265
Vileplume;Grass;Poison;Razor Leaf;Grass;Moonblast;Fairy;1,2408739723
Jynx;Ice;Psychic;Frost Breath;Ice;Draining Kiss;Fairy;1,2421839417
Farfetch'd;Normal;Flying;Fury Cutter;Bug;Leaf Blade;Grass;1,2443580722
Muk;Poison;;Poison Jab;Poison;Sludge Wave;Poison;1,2448677201
Weezing;Poison;;Acid;Poison;Sludge Bomb;Poison;1,2448677201
Arbok;Poison;;Acid;Poison;Sludge Wave;Poison;1,2448677201
Muk;Poison;;Poison Jab;Poison;Gunk Shot;Poison;1,2448677201
Muk;Poison;;Acid;Poison;Gunk Shot;Poison;1,2448677201
Muk;Poison;;Acid;Poison;Sludge Wave;Poison;1,2448677201
Arbok;Poison;;Acid;Poison;Gunk Shot;Poison;1,2448677201
Venomoth;Bug;Poison;Bug Bite;Bug;Poison Fang;Poison;1,246768511
Beedrill;Bug;Poison;Bug Bite;Bug;Sludge Bomb;Poison;1,246768511
Beedrill;Bug;Poison;Poison Jab;Poison;X-Scissor;Bug;1,246768511
Pinsir;Bug;;Rock Smash;Fighting;Submission;Fighting;1,247397193
Vileplume;Grass;Poison;Acid;Poison;Moonblast;Fairy;1,2475575946
Pinsir;Bug;;Fury Cutter;Bug;Submission;Fighting;1,2501978775
Pinsir;Bug;;Rock Smash;Fighting;X-Scissor;Bug;1,2501978775
Nidoking;Poison;Ground;Fury Cutter;Bug;Sludge Wave;Poison;1,2503768636
Nidoking;Poison;Ground;Poison Jab;Poison;Megahorn;Bug;1,2503768636
Beedrill;Bug;Poison;Poison Jab;Poison;Sludge Bomb;Poison;1,2522244342
Rhydon;Ground;Rock;Rock Smash;Fighting;Earthquake;Ground;1,2523344086
Rhydon;Ground;Rock;Mud Slap;Ground;Megahorn;Bug;1,2558816403
Nidoking;Poison;Ground;Poison Jab;Poison;Sludge Wave;Poison;1,2570665843
Nidoqueen;Poison;Ground;Poison Jab;Poison;Sludge Wave;Poison;1,2570665843
Kangaskhan;Normal;;Low Kick;Fighting;Brick Break;Fighting;1,2584154813
Scyther;Bug;Flying;Steel Wing;Steel;X-Scissor;Bug;1,2596193632
Scyther;Bug;Flying;Steel Wing;Steel;Bug Buzz;Bug;1,2596193632
Jynx;Ice;Psychic;Pound;Normal;Draining Kiss;Fairy;1,2598693888
Primeape;Fighting;;Low Kick;Fighting;Cross Chop;Fighting;1,2614277337
Hitmonlee;Fighting;;Rock Smash;Fighting;Low Sweep;Fighting;1,2614277337
Machamp;Fighting;;Karate Chop;Fighting;Submission;Fighting;1,2614277337
Primeape;Fighting;;Karate Chop;Fighting;Low Sweep;Fighting;1,2614277337
Hitmonlee;Fighting;;Low Kick;Fighting;Low Sweep;Fighting;1,2614277337
Machamp;Fighting;;Karate Chop;Fighting;Cross Chop;Fighting;1,2614277337
Hitmonchan;Fighting;;Rock Smash;Fighting;Brick Break;Fighting;1,2614277337
Primeape;Fighting;;Low Kick;Fighting;Low Sweep;Fighting;1,2614277337
Primeape;Fighting;;Karate Chop;Fighting;Cross Chop;Fighting;1,2614277337
Onix;Rock;Ground;Tackle;Normal;Iron Head;Steel;1,2673915495
Beedrill;Bug;Poison;Bug Bite;Bug;X-Scissor;Bug;1,2678087715
Venomoth;Bug;Poison;Bug Bite;Bug;Bug Buzz;Bug;1,2678087715
Tangela;Grass;;Vine Whip;Grass;Sludge Bomb;Poison;1,2683844435
Nidoking;Poison;Ground;Fury Cutter;Bug;Megahorn;Bug;1,2689140629
Venusaur;Grass;Poison;Vine Whip;Grass;Petal Blizzard;Grass;1,2716465583
Victreebel;Grass;Poison;Razor Leaf;Grass;Leaf Blade;Grass;1,2716465583
Vileplume;Grass;Poison;Razor Leaf;Grass;Petal Blizzard;Grass;1,2716465583
Vileplume;Grass;Poison;Razor Leaf;Grass;Solar Beam;Grass;1,2716465583
Venusaur;Grass;Poison;Razor Leaf;Grass;Petal Blizzard;Grass;1,2716465583
Venusaur;Grass;Poison;Vine Whip;Grass;Solar Beam;Grass;1,2716465583
Victreebel;Grass;Poison;Razor Leaf;Grass;Solar Beam;Grass;1,2716465583
Venusaur;Grass;Poison;Razor Leaf;Grass;Solar Beam;Grass;1,2716465583
Victreebel;Grass;Poison;Acid;Poison;Sludge Bomb;Poison;1,2721022737
Pinsir;Bug;;Fury Cutter;Bug;X-Scissor;Bug;1,2854330609
Scyther;Bug;Flying;Fury Cutter;Bug;Bug Buzz;Bug;1,2980584173
Butterfree;Bug;Flying;Bug Bite;Bug;Bug Buzz;Bug;1,2980584173
Butterfree;Bug;Flying;Bug Bite;Bug;Signal Beam;Bug;1,2980584173
Scyther;Bug;Flying;Fury Cutter;Bug;X-Scissor;Bug;1,2980584173
Rhydon;Ground;Rock;Rock Smash;Fighting;Megahorn;Bug;1,3029305084
Tangela;Grass;;Vine Whip;Grass;Solar Beam;Grass;1,3072578861
Tangela;Grass;;Vine Whip;Grass;Power Whip;Grass;1,3072578861
Parasect;Bug;Grass;Bug Bite;Bug;Cross Poison;Poison;1,3350424619
Parasect;Bug;Grass;Fury Cutter;Bug;Cross Poison;Poison;1,3350424619
Parasect;Bug;Grass;Fury Cutter;Bug;Solar Beam;Grass;1,3381851451
Parasect;Bug;Grass;Bug Bite;Bug;Solar Beam;Grass;1,3381851451
Parasect;Bug;Grass;Fury Cutter;Bug;X-Scissor;Bug;1,3671998852
Parasect;Bug;Grass;Bug Bite;Bug;X-Scissor;Bug;1,3671998852
